Apprentice,LM NPS,Date
Apprentice 1,,2024-08-15
Apprentice 2,,2024-08-15
Apprentice 3,,2024-08-15
Apprentice 4,,2024-08-15
Apprentice 5,,2024-08-15
Apprentice 6,8,2024-08-15
Apprentice 7,,2024-08-15
Apprentice 8,9,2024-08-15
Apprentice 9,,2024-08-15
Apprentice 10,,2024-08-15
Apprentice 11,,2024-08-15
Apprentice 12,,2024-08-15
Apprentice 13,8,2024-08-15
Apprentice 14,5,2024-08-15
Apprentice 15,,2024-08-15
Apprentice 16,,2024-08-15
Apprentice 17,9,2024-08-15
Apprentice 18,,2024-08-15
Apprentice 19,,2024-08-15
Apprentice 20,,2024-08-15
Apprentice 21,,2024-08-15
Apprentice 22,5,2024-08-15
Apprentice 23,,2024-08-15
Apprentice 24,,2024-08-15
Apprentice 25,9,2024-08-15
Apprentice 26,,2024-08-15
Apprentice 27,,2024-08-15
Apprentice 28,,2024-08-15
Apprentice 29,,2024-08-15
Apprentice 30,,2024-08-15
Apprentice 31,,2024-08-15
Apprentice 32,10,2024-08-15
Apprentice 33,,2024-08-15
Apprentice 34,9,2024-08-15
Apprentice 35,,2024-08-15
